text,category
Ate burger at McDonald's costing Rs 2030,Food
Ate biryani at Swiggy costing Rs 3473,Food
Ate burger at McDonald's costing Rs 3205,Food
Bought noodles from KFC Rs 3130,Food
Bought burger from McDonald's Rs 2006,Food
Bought coffee from Starbucks Rs 734,Food
Ordered pizza from Domino's for Rs 2769,Food
Ordered coffee from Starbucks for Rs 4678,Food
Bought coffee from Starbucks Rs 2079,Food
Bought pizza from Domino's Rs 3272,Food
Ordered pizza from Domino's for Rs 2556,Food
Ate biryani at Swiggy costing Rs 4276,Food
Ordered biryani from Swiggy for Rs 1252,Food
Bought coffee from Starbucks Rs 1590,Food
Ate noodles at KFC costing Rs 4229,Food
Ate noodles at KFC costing Rs 970,Food
Ordered biryani from Swiggy for Rs 3088,Food
Ordered pizza from Domino's for Rs 1598,Food
Ordered burger from McDonald's for Rs 4134,Food
Ordered noodles from KFC for Rs 1321,Food
Ate coffee at Starbucks costing Rs 4560,Food
Ate biryani at Swiggy costing Rs 2752,Food
Bought coffee from Starbucks Rs 108,Food
Bought noodles from KFC Rs 646,Food
Bought coffee from Starbucks Rs 3462,Food
Bought biryani from Swiggy Rs 2542,Food
Ate pizza at Domino's costing Rs 203,Food
Ate coffee at Starbucks costing Rs 3244,Food
Bought pizza from Domino's Rs 1430,Food
Bought pizza from Domino's Rs 3363,Food
Ate pizza at Domino's costing Rs 2767,Food
Ordered burger from McDonald's for Rs 3459,Food
Ordered biryani from Swiggy for Rs 3734,Food
Ate noodles at KFC costing Rs 3434,Food
Bought noodles from KFC Rs 4313,Food
Bought biryani from Swiggy Rs 1544,Food
Ate biryani at Swiggy costing Rs 4525,Food
Bought noodles from KFC Rs 3977,Food
Bought coffee from Starbucks Rs 4255,Food
Bought biryani from Swiggy Rs 1424,Food
Ate noodles at KFC costing Rs 418,Food
Ordered biryani from Swiggy for Rs 2712,Food
Bought pizza from Domino's Rs 3827,Food
Ordered biryani from Swiggy for Rs 3419,Food
Ate pizza at Domino's costing Rs 4561,Food
Bought noodles from KFC Rs 958,Food
Ordered pizza from Domino's for Rs 3005,Food
Bought pizza from Domino's Rs 4238,Food
Bought biryani from Swiggy Rs 2653,Food
Ate burger at McDonald's costing Rs 2262,Food
Bought biryani from Swiggy Rs 2397,Food
Bought pizza from Domino's Rs 4020,Food
Ate noodles at KFC costing Rs 3451,Food
Bought burger from McDonald's Rs 4614,Food
Bought noodles from KFC Rs 4992,Food
Ate burger at McDonald's costing Rs 1609,Food
Ate coffee at Starbucks costing Rs 4925,Food
Ordered noodles from KFC for Rs 4070,Food
Ate pizza at Domino's costing Rs 621,Food
Ordered coffee from Starbucks for Rs 3568,Food
Ordered pizza from Domino's for Rs 1616,Food
Ordered noodles from KFC for Rs 2311,Food
Ordered biryani from Swiggy for Rs 4991,Food
Ate biryani at Swiggy costing Rs 3968,Food
Bought burger from McDonald's Rs 4484,Food
Ordered pizza from Domino's for Rs 1971,Food
Bought burger from McDonald's Rs 2702,Food
Bought biryani from Swiggy Rs 354,Food
Ate pizza at Domino's costing Rs 4691,Food
Ordered biryani from Swiggy for Rs 4253,Food
Ordered pizza from Domino's for Rs 4223,Food
Ordered pizza from Domino's for Rs 1447,Food
Ate noodles at KFC costing Rs 3258,Food
Bought noodles from KFC Rs 1004,Food
Ordered noodles from KFC for Rs 292,Food
Ordered biryani from Swiggy for Rs 3954,Food
Ate biryani at Swiggy costing Rs 3879,Food
Ate noodles at KFC costing Rs 3319,Food
Ate biryani at Swiggy costing Rs 3300,Food
Ate pizza at Domino's costing Rs 3372,Food
Ate coffee at Starbucks costing Rs 2205,Food
Ordered biryani from Swiggy for Rs 1272,Food
Bought coffee from Starbucks Rs 2064,Food
Ate burger at McDonald's costing Rs 4612,Food
Bought biryani from Swiggy Rs 2227,Food
Bought noodles from KFC Rs 296,Food
Ordered coffee from Starbucks for Rs 3297,Food
Ate burger at McDonald's costing Rs 923,Food
Ordered pizza from Domino's for Rs 2711,Food
Ordered burger from McDonald's for Rs 1833,Food
Bought coffee from Starbucks Rs 944,Food
Ordered biryani from Swiggy for Rs 291,Food
Bought pizza from Domino's Rs 212,Food
Ordered noodles from KFC for Rs 295,Food
Ate coffee at Starbucks costing Rs 4392,Food
Ordered biryani from Swiggy for Rs 1477,Food
Ate burger at McDonald's costing Rs 1049,Food
Ordered noodles from KFC for Rs 3930,Food
Ordered coffee from Starbucks for Rs 272,Food
Bought biryani from Swiggy Rs 1260,Food
Ordered coffee from Starbucks for Rs 4304,Food
Ordered burger from McDonald's for Rs 3001,Food
Bought noodles from KFC Rs 1788,Food
Ordered pizza from Domino's for Rs 2700,Food
Ordered noodles from KFC for Rs 1199,Food
Ate noodles at KFC costing Rs 2409,Food
Ate noodles at KFC costing Rs 154,Food
Ate coffee at Starbucks costing Rs 883,Food
Ate burger at McDonald's costing Rs 3377,Food
Ordered biryani from Swiggy for Rs 4507,Food
Ordered pizza from Domino's for Rs 3545,Food
Bought noodles from KFC Rs 3396,Food
Ate coffee at Starbucks costing Rs 2585,Food
Ate noodles at KFC costing Rs 1872,Food
Bought noodles from KFC Rs 3558,Food
Bought pizza from Domino's Rs 4730,Food
Bought coffee from Starbucks Rs 1468,Food
Bought coffee from Starbucks Rs 2440,Food
Ordered pizza from Domino's for Rs 3133,Food
Ate biryani at Swiggy costing Rs 1472,Food
Ate noodles at KFC costing Rs 1388,Food
Ate coffee at Starbucks costing Rs 4958,Food
Ate noodles at KFC costing Rs 905,Food
Ordered coffee from Starbucks for Rs 4262,Food
Ate pizza at Domino's costing Rs 884,Food
Ordered noodles from KFC for Rs 2638,Food
Ate biryani at Swiggy costing Rs 1557,Food
Ordered biryani from Swiggy for Rs 3049,Food
Ate coffee at Starbucks costing Rs 3981,Food
Ordered noodles from KFC for Rs 1548,Food
Bought burger from McDonald's Rs 4818,Food
Ordered biryani from Swiggy for Rs 1943,Food
Bought biryani from Swiggy Rs 1079,Food
Ordered coffee from Starbucks for Rs 2592,Food
Ate biryani at Swiggy costing Rs 4865,Food
Ordered pizza from Domino's for Rs 3904,Food
Bought coffee from Starbucks Rs 339,Food
Bought noodles from KFC Rs 678,Food
Ordered pizza from Domino's for Rs 1260,Food
Ordered pizza from Domino's for Rs 3580,Food
Bought noodles from KFC Rs 2274,Food
Ate noodles at KFC costing Rs 3465,Food
Ordered coffee from Starbucks for Rs 2485,Food
Ate noodles at KFC costing Rs 780,Food
Bought burger from McDonald's Rs 3061,Food
Ordered noodles from KFC for Rs 4459,Food
Ordered burger from McDonald's for Rs 1347,Food
Bought burger from McDonald's Rs 4018,Food
Ate biryani at Swiggy costing Rs 1128,Food
Ordered coffee from Starbucks for Rs 4845,Food
Grocery shopping: bread at D-Mart Rs 3380,Groceries
Stocked up on vegetables at More Rs 1306,Groceries
Bought vegetables from More for Rs 3552,Groceries
Stocked up on rice at Big Bazaar Rs 714,Groceries
Stocked up on vegetables at More Rs 2969,Groceries
Bought fruits from local market for Rs 4502,Groceries
Bought vegetables from More for Rs 2015,Groceries
Bought vegetables from More for Rs 2919,Groceries
Grocery shopping: rice at Big Bazaar Rs 2156,Groceries
Stocked up on milk at Reliance Rs 856,Groceries
Bought vegetables from More for Rs 4892,Groceries
Bought fruits from local market for Rs 4288,Groceries
Stocked up on milk at Reliance Rs 1969,Groceries
Stocked up on bread at D-Mart Rs 3102,Groceries
Stocked up on bread at D-Mart Rs 4490,Groceries
Stocked up on vegetables at More Rs 3464,Groceries
Bought bread from D-Mart for Rs 3727,Groceries
Grocery shopping: bread at D-Mart Rs 4353,Groceries
Stocked up on milk at Reliance Rs 2715,Groceries
Stocked up on bread at D-Mart Rs 710,Groceries
Bought rice from Big Bazaar for Rs 207,Groceries
Grocery shopping: bread at D-Mart Rs 4311,Groceries
Stocked up on vegetables at More Rs 1970,Groceries
Grocery shopping: rice at Big Bazaar Rs 2972,Groceries
Grocery shopping: milk at Reliance Rs 1470,Groceries
Bought rice from Big Bazaar for Rs 1970,Groceries
Grocery shopping: rice at Big Bazaar Rs 3610,Groceries
Stocked up on bread at D-Mart Rs 2651,Groceries
Bought bread from D-Mart for Rs 2861,Groceries
Bought milk from Reliance for Rs 4051,Groceries
Bought vegetables from More for Rs 1272,Groceries
Bought vegetables from More for Rs 1586,Groceries
Grocery shopping: fruits at local market Rs 4774,Groceries
Grocery shopping: bread at D-Mart Rs 3003,Groceries
Grocery shopping: vegetables at More Rs 3455,Groceries
Grocery shopping: vegetables at More Rs 1908,Groceries
Stocked up on fruits at local market Rs 2298,Groceries
Grocery shopping: milk at Reliance Rs 3296,Groceries
Stocked up on rice at Big Bazaar Rs 3483,Groceries
Stocked up on vegetables at More Rs 4684,Groceries
Stocked up on vegetables at More Rs 1891,Groceries
Bought bread from D-Mart for Rs 4524,Groceries
Bought vegetables from More for Rs 1585,Groceries
Stocked up on rice at Big Bazaar Rs 3764,Groceries
Bought bread from D-Mart for Rs 415,Groceries
Grocery shopping: fruits at local market Rs 2210,Groceries
Grocery shopping: bread at D-Mart Rs 186,Groceries
Grocery shopping: milk at Reliance Rs 1650,Groceries
Bought fruits from local market for Rs 413,Groceries
Stocked up on fruits at local market Rs 4759,Groceries
Bought milk from Reliance for Rs 2664,Groceries
Bought milk from Reliance for Rs 1644,Groceries
Stocked up on milk at Reliance Rs 2239,Groceries
Stocked up on fruits at local market Rs 1867,Groceries
Bought fruits from local market for Rs 3766,Groceries
Bought rice from Big Bazaar for Rs 4547,Groceries
Stocked up on milk at Reliance Rs 1163,Groceries
Stocked up on fruits at local market Rs 3892,Groceries
Grocery shopping: vegetables at More Rs 2069,Groceries
Grocery shopping: milk at Reliance Rs 1032,Groceries
Bought milk from Reliance for Rs 4343,Groceries
Grocery shopping: vegetables at More Rs 351,Groceries
Grocery shopping: fruits at local market Rs 4166,Groceries
Stocked up on vegetables at More Rs 4179,Groceries
Grocery shopping: vegetables at More Rs 365,Groceries
Grocery shopping: milk at Reliance Rs 3638,Groceries
Stocked up on vegetables at More Rs 2239,Groceries
Grocery shopping: rice at Big Bazaar Rs 3853,Groceries
Grocery shopping: rice at Big Bazaar Rs 2180,Groceries
Bought rice from Big Bazaar for Rs 3207,Groceries
Stocked up on milk at Reliance Rs 206,Groceries
Bought fruits from local market for Rs 3721,Groceries
Bought fruits from local market for Rs 1598,Groceries
Grocery shopping: rice at Big Bazaar Rs 3632,Groceries
Grocery shopping: vegetables at More Rs 2147,Groceries
Grocery shopping: vegetables at More Rs 4726,Groceries
Bought milk from Reliance for Rs 1922,Groceries
Stocked up on milk at Reliance Rs 4456,Groceries
Grocery shopping: bread at D-Mart Rs 4414,Groceries
Stocked up on vegetables at More Rs 3397,Groceries
Bought rice from Big Bazaar for Rs 3511,Groceries
Bought fruits from local market for Rs 4155,Groceries
Grocery shopping: vegetables at More Rs 2530,Groceries
Stocked up on milk at Reliance Rs 3231,Groceries
Stocked up on fruits at local market Rs 2033,Groceries
Stocked up on bread at D-Mart Rs 2648,Groceries
Bought bread from D-Mart for Rs 593,Groceries
Grocery shopping: milk at Reliance Rs 4315,Groceries
Bought bread from D-Mart for Rs 4947,Groceries
Grocery shopping: rice at Big Bazaar Rs 2370,Groceries
Grocery shopping: bread at D-Mart Rs 3270,Groceries
Grocery shopping: fruits at local market Rs 2633,Groceries
Stocked up on rice at Big Bazaar Rs 4746,Groceries
Bought rice from Big Bazaar for Rs 2491,Groceries
Grocery shopping: bread at D-Mart Rs 3158,Groceries
Stocked up on fruits at local market Rs 424,Groceries
Bought fruits from local market for Rs 4033,Groceries
Stocked up on rice at Big Bazaar Rs 3951,Groceries
Grocery shopping: fruits at local market Rs 3744,Groceries
Grocery shopping: bread at D-Mart Rs 4708,Groceries
Grocery shopping: milk at Reliance Rs 2444,Groceries
Grocery shopping: milk at Reliance Rs 3020,Groceries
Grocery shopping: rice at Big Bazaar Rs 3394,Groceries
Stocked up on rice at Big Bazaar Rs 3900,Groceries
Grocery shopping: vegetables at More Rs 147,Groceries
Grocery shopping: fruits at local market Rs 4732,Groceries
Bought milk from Reliance for Rs 3553,Groceries
Grocery shopping: bread at D-Mart Rs 2090,Groceries
Stocked up on milk at Reliance Rs 3533,Groceries
Stocked up on vegetables at More Rs 2552,Groceries
Stocked up on fruits at local market Rs 3307,Groceries
Stocked up on milk at Reliance Rs 4232,Groceries
Grocery shopping: vegetables at More Rs 3112,Groceries
Grocery shopping: rice at Big Bazaar Rs 1468,Groceries
Grocery shopping: vegetables at More Rs 2553,Groceries
Grocery shopping: milk at Reliance Rs 4610,Groceries
Bought bread from D-Mart for Rs 1156,Groceries
Bought rice from Big Bazaar for Rs 1688,Groceries
Bought rice from Big Bazaar for Rs 3943,Groceries
Bought milk from Reliance for Rs 430,Groceries
Grocery shopping: fruits at local market Rs 357,Groceries
Bought bread from D-Mart for Rs 3312,Groceries
Bought milk from Reliance for Rs 1928,Groceries
Grocery shopping: rice at Big Bazaar Rs 3995,Groceries
Bought fruits from local market for Rs 1283,Groceries
Bought milk from Reliance for Rs 2408,Groceries
Stocked up on fruits at local market Rs 156,Groceries
Grocery shopping: fruits at local market Rs 1246,Groceries
Grocery shopping: bread at D-Mart Rs 2444,Groceries
Stocked up on rice at Big Bazaar Rs 1786,Groceries
Stocked up on bread at D-Mart Rs 4255,Groceries
Stocked up on fruits at local market Rs 4695,Groceries
Grocery shopping: bread at D-Mart Rs 2532,Groceries
Stocked up on vegetables at More Rs 2390,Groceries
Bought milk from Reliance for Rs 4384,Groceries
Bought fruits from local market for Rs 3227,Groceries
Bought fruits from local market for Rs 4023,Groceries
Stocked up on milk at Reliance Rs 1196,Groceries
Bought rice from Big Bazaar for Rs 2416,Groceries
Grocery shopping: fruits at local market Rs 3157,Groceries
Bought milk from Reliance for Rs 3158,Groceries
Stocked up on vegetables at More Rs 2892,Groceries
Bought rice from Big Bazaar for Rs 2032,Groceries
Grocery shopping: milk at Reliance Rs 408,Groceries
Bought bread from D-Mart for Rs 2035,Groceries
Grocery shopping: fruits at local market Rs 454,Groceries
Grocery shopping: fruits at local market Rs 656,Groceries
Grocery shopping: rice at Big Bazaar Rs 2689,Groceries
Grocery shopping: milk at Reliance Rs 3777,Groceries
Bought vegetables from More for Rs 3972,Groceries
Took auto to office for Rs 2638,Transportation
Refilled taxi with Rs airport,Transportation
Refilled taxi with Rs airport,Transportation
Refilled cab with Rs station,Transportation
Refilled bus with Rs city,Transportation
Took cab to station for Rs 3431,Transportation
Took taxi to airport for Rs 2246,Transportation
Refilled petrol with Rs bike,Transportation
Took bus to city for Rs 832,Transportation
Refilled bus with Rs city,Transportation
Took petrol to bike for Rs 4907,Transportation
Took taxi to airport for Rs 4182,Transportation
Paid Rs petrol for bike travel,Transportation
Refilled auto with Rs office,Transportation
Took petrol to bike for Rs 3967,Transportation
Took auto to office for Rs 4569,Transportation
Refilled bus with Rs city,Transportation
Paid Rs cab for station travel,Transportation
Took cab to station for Rs 801,Transportation
Refilled petrol with Rs bike,Transportation
Took auto to office for Rs 4903,Transportation
Paid Rs cab for station travel,Transportation
Took cab to station for Rs 3922,Transportation
Paid Rs petrol for bike travel,Transportation
Took cab to station for Rs 2973,Transportation
Took bus to city for Rs 2519,Transportation
Took petrol to bike for Rs 638,Transportation
Refilled taxi with Rs airport,Transportation
Took taxi to airport for Rs 4218,Transportation
Took taxi to airport for Rs 2603,Transportation
Refilled auto with Rs office,Transportation
Took taxi to airport for Rs 1346,Transportation
Paid Rs taxi for airport travel,Transportation
Took petrol to bike for Rs 2585,Transportation
Took bus to city for Rs 3562,Transportation
Refilled bus with Rs city,Transportation
Refilled taxi with Rs airport,Transportation
Refilled cab with Rs station,Transportation
Paid Rs cab for station travel,Transportation
Refilled bus with Rs city,Transportation
Refilled cab with Rs station,Transportation
Paid Rs cab for station travel,Transportation
Took auto to office for Rs 3993,Transportation
Paid Rs auto for office travel,Transportation
Paid Rs taxi for airport travel,Transportation
Took auto to office for Rs 1963,Transportation
Refilled bus with Rs city,Transportation
Refilled taxi with Rs airport,Transportation
Paid Rs bus for city travel,Transportation
Refilled bus with Rs city,Transportation
Took auto to office for Rs 3919,Transportation
Refilled auto with Rs office,Transportation
Took bus to city for Rs 2419,Transportation
Paid Rs petrol for bike travel,Transportation
Paid Rs taxi for airport travel,Transportation
Took auto to office for Rs 3821,Transportation
Paid Rs petrol for bike travel,Transportation
Took auto to office for Rs 720,Transportation
Paid Rs taxi for airport travel,Transportation
Took bus to city for Rs 3624,Transportation
Paid Rs petrol for bike travel,Transportation
Refilled cab with Rs station,Transportation
Refilled bus with Rs city,Transportation
Refilled auto with Rs office,Transportation
Paid Rs auto for office travel,Transportation
Refilled taxi with Rs airport,Transportation
Refilled taxi with Rs airport,Transportation
Refilled bus with Rs city,Transportation
Refilled auto with Rs office,Transportation
Refilled taxi with Rs airport,Transportation
Paid Rs bus for city travel,Transportation
Refilled petrol with Rs bike,Transportation
Paid Rs taxi for airport travel,Transportation
Took auto to office for Rs 2773,Transportation
Refilled bus with Rs city,Transportation
Refilled petrol with Rs bike,Transportation
Paid Rs taxi for airport travel,Transportation
Paid Rs taxi for airport travel,Transportation
Paid Rs bus for city travel,Transportation
Refilled auto with Rs office,Transportation
Took taxi to airport for Rs 534,Transportation
Refilled petrol with Rs bike,Transportation
Refilled cab with Rs station,Transportation
Took cab to station for Rs 1412,Transportation
Refilled cab with Rs station,Transportation
Refilled bus with Rs city,Transportation
Took auto to office for Rs 3618,Transportation
Took bus to city for Rs 4307,Transportation
Refilled bus with Rs city,Transportation
Paid Rs auto for office travel,Transportation
Refilled auto with Rs office,Transportation
Paid Rs taxi for airport travel,Transportation
Paid Rs cab for station travel,Transportation
Refilled auto with Rs office,Transportation
Paid Rs auto for office travel,Transportation
Refilled taxi with Rs airport,Transportation
Refilled cab with Rs station,Transportation
Took auto to office for Rs 4685,Transportation
Paid Rs bus for city travel,Transportation
Refilled taxi with Rs airport,Transportation
Paid Rs petrol for bike travel,Transportation
Refilled bus with Rs city,Transportation
Took petrol to bike for Rs 653,Transportation
Refilled bus with Rs city,Transportation
Paid Rs petrol for bike travel,Transportation
Took cab to station for Rs 347,Transportation
Refilled auto with Rs office,Transportation
Paid Rs petrol for bike travel,Transportation
Refilled bus with Rs city,Transportation
Paid Rs taxi for airport travel,Transportation
Refilled petrol with Rs bike,Transportation
Paid Rs bus for city travel,Transportation
Refilled petrol with Rs bike,Transportation
Train ticket to Coimbatore,Transportation
Took a train ticket to cochin,Transportation
Took a ticket to delhi,Transportation
Took a flight ticket to Singapore,Transportation
Paid Rs bus for city travel,Transportation
Refilled cab with Rs station,Transportation
Took taxi to airport for Rs 3385,Transportation
Refilled petrol with Rs bike,Transportation
Took cab to station for Rs 4866,Transportation
Refilled petrol with Rs bike,Transportation
Took petrol to bike for Rs 2559,Transportation
Took taxi to airport for Rs 2618,Transportation
Refilled bus with Rs city,Transportation
Paid Rs taxi for airport travel,Transportation
Paid Rs taxi for airport travel,Transportation
Paid Rs petrol for bike travel,Transportation
Took petrol to bike for Rs 2045,Transportation
Paid Rs petrol for bike travel,Transportation
Took auto to office for Rs 4077,Transportation
Refilled bus with Rs city,Transportation
Took cab to station for Rs 1546,Transportation
Refilled taxi with Rs airport,Transportation
Took bus to city for Rs 2978,Transportation
Refilled taxi with Rs airport,Transportation
Took auto to office for Rs 1157,Transportation
Refilled petrol with Rs bike,Transportation
Took auto to office for Rs 3009,Transportation
Refilled petrol with Rs bike,Transportation
Paid Rs auto for office travel,Transportation
Paid Rs bus for city travel,Transportation
Refilled petrol with Rs bike,Transportation
Paid Rs auto for office travel,Transportation
Paid Rs cab for station travel,Transportation
Paid Rs petrol for bike travel,Transportation
Refilled bus with Rs city,Transportation
Took auto to office for Rs 3310,Transportation
Refilled petrol with Rs bike,Transportation
Took cab to station for Rs 1298,Transportation
Refilled petrol with Rs bike,Transportation
Paid Rs auto for office travel,Transportation
Refilled taxi with Rs airport,Transportation
Visited blood test for clinic - Rs 1753,Medical
Paid Rs blood test for clinic treatment,Medical
Visited tablets for pharmacy - Rs 1516,Medical
Purchased tablets from pharmacy Rs pharmacy,Medical
Visited Apollo Hospital for checkup - Rs 3617,Medical
Purchased Apollo Hospital from pharmacy Rs checkup,Medical
Visited dentist for cleaning - Rs 1779,Medical
Visited therapist for session - Rs 4276,Medical
Visited Apollo Hospital for checkup - Rs 4221,Medical
Purchased therapist from pharmacy Rs session,Medical
Visited tablets for pharmacy - Rs 3258,Medical
Purchased dentist from pharmacy Rs cleaning,Medical
Visited dentist for cleaning - Rs 3096,Medical
Purchased tablets from pharmacy Rs pharmacy,Medical
Paid Rs Apollo Hospital for checkup treatment,Medical
Visited Apollo Hospital for checkup - Rs 2382,Medical
Visited therapist for session - Rs 4468,Medical
Purchased therapist from pharmacy Rs session,Medical
Paid Rs Apollo Hospital for checkup treatment,Medical
Visited tablets for pharmacy - Rs 3659,Medical
Paid Rs dentist for cleaning treatment,Medical
Paid Rs therapist for session treatment,Medical
Purchased Apollo Hospital from pharmacy Rs checkup,Medical
Purchased dentist from pharmacy Rs cleaning,Medical
Purchased blood test from pharmacy Rs clinic,Medical
Paid Rs tablets for pharmacy treatment,Medical
Purchased Apollo Hospital from pharmacy Rs checkup,Medical
Paid Rs blood test for clinic treatment,Medical
Visited blood test for clinic - Rs 2266,Medical
Visited blood test for clinic - Rs 2407,Medical
Visited dentist for cleaning - Rs 3469,Medical
Visited tablets for pharmacy - Rs 4367,Medical
Purchased dentist from pharmacy Rs cleaning,Medical
Paid Rs dentist for cleaning treatment,Medical
Paid Rs therapist for session treatment,Medical
Purchased dentist from pharmacy Rs cleaning,Medical
Purchased Apollo Hospital from pharmacy Rs checkup,Medical
Purchased therapist from pharmacy Rs session,Medical
Paid Rs Apollo Hospital for checkup treatment,Medical
Paid Rs therapist for session treatment,Medical
Visited Apollo Hospital for checkup - Rs 1873,Medical
Visited tablets for pharmacy - Rs 1045,Medical
Paid Rs dentist for cleaning treatment,Medical
Purchased Apollo Hospital from pharmacy Rs checkup,Medical
Visited blood test for clinic - Rs 4650,Medical
Paid Rs tablets for pharmacy treatment,Medical
Visited tablets for pharmacy - Rs 582,Medical
Purchased therapist from pharmacy Rs session,Medical
Paid Rs therapist for session treatment,Medical
Purchased blood test from pharmacy Rs clinic,Medical
Paid Rs Apollo Hospital for checkup treatment,Medical
Visited dentist for cleaning - Rs 3881,Medical
Visited tablets for pharmacy - Rs 2228,Medical
Visited dentist for cleaning - Rs 1872,Medical
Paid Rs tablets for pharmacy treatment,Medical
Purchased Apollo Hospital from pharmacy Rs checkup,Medical
Paid Rs dentist for cleaning treatment,Medical
Paid Rs therapist for session treatment,Medical
Visited tablets for pharmacy - Rs 1835,Medical
Purchased dentist from pharmacy Rs cleaning,Medical
Visited dentist for cleaning - Rs 4045,Medical
Purchased therapist from pharmacy Rs session,Medical
Visited therapist for session - Rs 1036,Medical
Visited tablets for pharmacy - Rs 3458,Medical
Paid Rs dentist for cleaning treatment,Medical
Paid Rs therapist for session treatment,Medical
Visited Apollo Hospital for checkup - Rs 1774,Medical
Visited therapist for session - Rs 326,Medical
Purchased tablets from pharmacy Rs pharmacy,Medical
Purchased therapist from pharmacy Rs session,Medical
Purchased blood test from pharmacy Rs clinic,Medical
Paid Rs Apollo Hospital for checkup treatment,Medical
Visited Apollo Hospital for checkup - Rs 1160,Medical
Paid Rs Apollo Hospital for checkup treatment,Medical
Visited therapist for session - Rs 4860,Medical
Purchased Apollo Hospital from pharmacy Rs checkup,Medical
Purchased dentist from pharmacy Rs cleaning,Medical
Paid Rs Apollo Hospital for checkup treatment,Medical
Visited therapist for session - Rs 1481,Medical
Visited Apollo Hospital for checkup - Rs 968,Medical
Purchased tablets from pharmacy Rs pharmacy,Medical
Paid Rs dentist for cleaning treatment,Medical
Visited therapist for session - Rs 3177,Medical
Paid Rs therapist for session treatment,Medical
Paid Rs dentist for cleaning treatment,Medical
Visited tablets for pharmacy - Rs 3637,Medical
Visited dentist for cleaning - Rs 947,Medical
Purchased tablets from pharmacy Rs pharmacy,Medical
Paid Rs dentist for cleaning treatment,Medical
Paid Rs dentist for cleaning treatment,Medical
Visited tablets for pharmacy - Rs 1326,Medical
Purchased tablets from pharmacy Rs pharmacy,Medical
Paid Rs therapist for session treatment,Medical
Paid Rs blood test for clinic treatment,Medical
Visited tablets for pharmacy - Rs 4349,Medical
Paid Rs Apollo Hospital for checkup treatment,Medical
Paid Rs blood test for clinic treatment,Medical
Visited tablets for pharmacy - Rs 2173,Medical
Visited Apollo Hospital for checkup - Rs 2621,Medical
Visited Apollo Hospital for checkup - Rs 3866,Medical
Purchased tablets from pharmacy Rs pharmacy,Medical
Paid Rs dentist for cleaning treatment,Medical
Visited Apollo Hospital for checkup - Rs 1757,Medical
Paid Rs Apollo Hospital for checkup treatment,Medical
Visited tablets for pharmacy - Rs 2284,Medical
Purchased Apollo Hospital from pharmacy Rs checkup,Medical
Paid Rs tablets for pharmacy treatment,Medical
Paid Rs dentist for cleaning treatment,Medical
Paid Rs tablets for pharmacy treatment,Medical
Purchased dentist from pharmacy Rs cleaning,Medical
Purchased blood test from pharmacy Rs clinic,Medical
Visited blood test for clinic - Rs 4036,Medical
Paid Rs tablets for pharmacy treatment,Medical
Visited blood test for clinic - Rs 2343,Medical
Paid Rs tablets for pharmacy treatment,Medical
Paid Rs Apollo Hospital for checkup treatment,Medical
Paid Rs dentist for cleaning treatment,Medical
Visited therapist for session - Rs 3276,Medical
Paid Rs blood test for clinic treatment,Medical
Visited blood test for clinic - Rs 3515,Medical
Purchased therapist from pharmacy Rs session,Medical
Purchased Apollo Hospital from pharmacy Rs checkup,Medical
Purchased therapist from pharmacy Rs session,Medical
Purchased therapist from pharmacy Rs session,Medical
Visited tablets for pharmacy - Rs 1699,Medical
Paid Rs tablets for pharmacy treatment,Medical
Visited dentist for cleaning - Rs 3362,Medical
Purchased blood test from pharmacy Rs clinic,Medical
Paid Rs Apollo Hospital for checkup treatment,Medical
Visited tablets for pharmacy - Rs 4795,Medical
Visited dentist for cleaning - Rs 3300,Medical
Visited dentist for cleaning - Rs 2446,Medical
Purchased tablets from pharmacy Rs pharmacy,Medical
Purchased tablets from pharmacy Rs pharmacy,Medical
Visited blood test for clinic - Rs 4541,Medical
Visited dentist for cleaning - Rs 459,Medical
Paid Rs therapist for session treatment,Medical
Paid Rs Apollo Hospital for checkup treatment,Medical
Purchased therapist from pharmacy Rs session,Medical
Paid Rs Apollo Hospital for checkup treatment,Medical
Purchased Apollo Hospital from pharmacy Rs checkup,Medical
Paid Rs dentist for cleaning treatment,Medical
Visited dentist for cleaning - Rs 1965,Medical
Paid Rs therapist for session treatment,Medical
Visited Apollo Hospital for checkup - Rs 3677,Medical
Visited Apollo Hospital for checkup - Rs 1371,Medical
Purchased tablets from pharmacy Rs pharmacy,Medical
Paid Rs blood test for clinic treatment,Medical
Purchased tablets from pharmacy Rs pharmacy,Medical
Visited tablets for pharmacy - Rs 3738,Medical
Bought Netflix for Rs subscription as entertainment,Entertainment
Went to PVR for movie Rs 2898,Entertainment
Went to concert for pass Rs 3257,Entertainment
Went to theatre for drama Rs 389,Entertainment
Went to Netflix for subscription Rs 3169,Entertainment
Went to Steam for game Rs 3617,Entertainment
Went to PVR for movie Rs 196,Entertainment
Paid Rs theatre for drama event,Entertainment
Paid Rs theatre for drama event,Entertainment
Bought Steam for Rs game as entertainment,Entertainment
Bought Netflix for Rs subscription as entertainment,Entertainment
Paid Rs PVR for movie event,Entertainment
Went to Steam for game Rs 2417,Entertainment
Paid Rs PVR for movie event,Entertainment
Bought concert for Rs pass as entertainment,Entertainment
Paid Rs Steam for game event,Entertainment
Paid Rs Netflix for subscription event,Entertainment
Went to Steam for game Rs 3136,Entertainment
Went to PVR for movie Rs 4536,Entertainment
Bought PVR for Rs movie as entertainment,Entertainment
Bought PVR for Rs movie as entertainment,Entertainment
Paid Rs Netflix for subscription event,Entertainment
Bought theatre for Rs drama as entertainment,Entertainment
Went to PVR for movie Rs 484,Entertainment
Paid Rs concert for pass event,Entertainment
Weekend movie with friends,Entertainment
Went for a movie with family,Entertainment
Went for a movie date,Entertainment
Went for a date at a resturant,Entertainment
Date night at a hotel,Entertainment
Bought concert for Rs pass as entertainment,Entertainment
Paid Rs Netflix for subscription event,Entertainment
Went to Netflix for subscription Rs 169,Entertainment
Paid Rs concert for pass event,Entertainment
Paid Rs theatre for drama event,Entertainment
Paid Rs PVR for movie event,Entertainment
Went to Steam for game Rs 1129,Entertainment
Paid Rs Netflix for subscription event,Entertainment
Went to Steam for game Rs 2633,Entertainment
Paid Rs Steam for game event,Entertainment
Paid Rs PVR for movie event,Entertainment
Went to theatre for drama Rs 1648,Entertainment
Went to Netflix for subscription Rs 554,Entertainment
Bought Steam for Rs game as entertainment,Entertainment
Bought PVR for Rs movie as entertainment,Entertainment
Went to Steam for game Rs 2201,Entertainment
Went to concert for pass Rs 4747,Entertainment
Went to Netflix for subscription Rs 2950,Entertainment
Paid Rs concert for pass event,Entertainment
Bought PVR for Rs movie as entertainment,Entertainment
Bought Steam for Rs game as entertainment,Entertainment
Went to theatre for drama Rs 441,Entertainment
Went to PVR for movie Rs 2899,Entertainment
Went to PVR for movie Rs 2019,Entertainment
Paid Rs Steam for game event,Entertainment
Bought PVR for Rs movie as entertainment,Entertainment
Paid Rs concert for pass event,Entertainment
Bought PVR for Rs movie as entertainment,Entertainment
Went to Netflix for subscription Rs 1155,Entertainment
Went to concert for pass Rs 4179,Entertainment
Bought concert for Rs pass as entertainment,Entertainment
Paid Rs concert for pass event,Entertainment
Bought Netflix for Rs subscription as entertainment,Entertainment
Bought Netflix for Rs subscription as entertainment,Entertainment
Went to PVR for movie Rs 3752,Entertainment
Paid Rs PVR for movie event,Entertainment
Went to PVR for movie Rs 3699,Entertainment
Went to Netflix for subscription Rs 4652,Entertainment
Paid Rs Steam for game event,Entertainment
Went to PVR for movie Rs 2018,Entertainment
Paid Rs PVR for movie event,Entertainment
Went to concert for pass Rs 4525,Entertainment
Paid Rs theatre for drama event,Entertainment
Bought concert for Rs pass as entertainment,Entertainment
Bought Netflix for Rs subscription as entertainment,Entertainment
Went to theatre for drama Rs 2245,Entertainment
Paid Rs PVR for movie event,Entertainment
Paid Rs Steam for game event,Entertainment
Paid Rs PVR for movie event,Entertainment
Bought Steam for Rs game as entertainment,Entertainment
Bought PVR for Rs movie as entertainment,Entertainment
Went to Steam for game Rs 3162,Entertainment
Paid Rs Steam for game event,Entertainment
Bought PVR for Rs movie as entertainment,Entertainment
Paid Rs PVR for movie event,Entertainment
Bought concert for Rs pass as entertainment,Entertainment
Paid Rs Netflix for subscription event,Entertainment
Bought Netflix for Rs subscription as entertainment,Entertainment
Bought theatre for Rs drama as entertainment,Entertainment
Bought theatre for Rs drama as entertainment,Entertainment
Went to Steam for game Rs 1383,Entertainment
Paid Rs concert for pass event,Entertainment
Bought Steam for Rs game as entertainment,Entertainment
Bought theatre for Rs drama as entertainment,Entertainment
Bought theatre for Rs drama as entertainment,Entertainment
Paid Rs Netflix for subscription event,Entertainment
Paid Rs concert for pass event,Entertainment
Went to PVR for movie Rs 3548,Entertainment
Bought PVR for Rs movie as entertainment,Entertainment
Paid Rs concert for pass event,Entertainment
Bought concert for Rs pass as entertainment,Entertainment
Went to Steam for game Rs 1781,Entertainment
Went to PVR for movie Rs 2670,Entertainment
Paid Rs Netflix for subscription event,Entertainment
Went to Steam for game Rs 3290,Entertainment
Paid Rs concert for pass event,Entertainment
Went to Netflix for subscription Rs 4174,Entertainment
Paid Rs PVR for movie event,Entertainment
Bought Netflix for Rs subscription as entertainment,Entertainment
Went to concert for pass Rs 997,Entertainment
Paid Rs Netflix for subscription event,Entertainment
Paid Rs concert for pass event,Entertainment
Paid Rs PVR for movie event,Entertainment
Went to theatre for drama Rs 4859,Entertainment
Paid Rs theatre for drama event,Entertainment
Went to Steam for game Rs 2157,Entertainment
Bought Netflix for Rs subscription as entertainment,Entertainment
Paid Rs PVR for movie event,Entertainment
Went to PVR for movie Rs 1327,Entertainment
Went to PVR for movie Rs 4368,Entertainment
Paid Rs Steam for game event,Entertainment
Paid Rs Netflix for subscription event,Entertainment
Paid Rs PVR for movie event,Entertainment
Bought Netflix for Rs subscription as entertainment,Entertainment
Bought PVR for Rs movie as entertainment,Entertainment
Went to PVR for movie Rs 1967,Entertainment
Paid Rs PVR for movie event,Entertainment
Paid Rs theatre for drama event,Entertainment
Went to PVR for movie Rs 2407,Entertainment
Paid Rs concert for pass event,Entertainment
Bought Netflix for Rs subscription as entertainment,Entertainment
Went to concert for pass Rs 1158,Entertainment
Bought PVR for Rs movie as entertainment,Entertainment
Bought concert for Rs pass as entertainment,Entertainment
Paid Rs concert for pass event,Entertainment
Bought Steam for Rs game as entertainment,Entertainment
Went to Steam for game Rs 1800,Entertainment
Bought Steam for Rs game as entertainment,Entertainment
Bought Steam for Rs game as entertainment,Entertainment
Paid Rs Netflix for subscription event,Entertainment
Paid Rs concert for pass event,Entertainment
Paid Rs concert for pass event,Entertainment
Paid Rs PVR for movie event,Entertainment
Paid Rs PVR for movie event,Entertainment
Bought PVR for Rs movie as entertainment,Entertainment
Went to theatre for drama Rs 1407,Entertainment
Paid Rs PVR for movie event,Entertainment
Paid Rs Steam for game event,Entertainment
Bought PVR for Rs movie as entertainment,Entertainment
Paid Rs Steam for game event,Entertainment
Paid Rs PVR for movie event,Entertainment
Bought Netflix for Rs subscription as entertainment,Entertainment
Went to PVR for movie Rs 653,Entertainment
Paid Rs Netflix for subscription event,Entertainment
Went to PVR for movie Rs 2602,Entertainment
Ordered jacket online from Myntra Rs 1312,Shopping
Bought watch from Titan for Rs 1190,Shopping
Bought jeans from Levis for Rs 3047,Shopping
Ordered shoes online from Nike Rs 964,Shopping
Purchased bag worth Rs Amazon from 2838,Shopping
Bought watch from Titan for Rs 4917,Shopping
Bought watch from Titan for Rs 4778,Shopping
Purchased watch worth Rs Titan from 4723,Shopping
Ordered watch online from Titan Rs 3318,Shopping
Ordered jacket online from Myntra Rs 4253,Shopping
Purchased bag worth Rs Amazon from 1996,Shopping
Ordered bag online from Amazon Rs 4781,Shopping
Ordered jeans online from Levis Rs 671,Shopping
Ordered jacket online from Myntra Rs 4752,Shopping
Ordered bag online from Amazon Rs 4172,Shopping
Ordered jeans online from Levis Rs 3370,Shopping
Purchased jacket worth Rs Myntra from 2917,Shopping
Ordered jacket online from Myntra Rs 3517,Shopping
Bought bag from Amazon for Rs 1333,Shopping
Bought watch from Titan for Rs 379,Shopping
Purchased jeans worth Rs Levis from 3487,Shopping
Ordered jacket online from Myntra Rs 2946,Shopping
Bought jeans from Levis for Rs 3259,Shopping
Purchased bag worth Rs Amazon from 4230,Shopping
Ordered jeans online from Levis Rs 2547,Shopping
Bought jacket from Myntra for Rs 3871,Shopping
Purchased jeans worth Rs Levis from 1419,Shopping
Purchased bag worth Rs Amazon from 1658,Shopping
Bought jeans from Levis for Rs 849,Shopping
Purchased watch worth Rs Titan from 4384,Shopping
Bought bag from Amazon for Rs 4032,Shopping
Purchased watch worth Rs Titan from 133,Shopping
Bought shoes from Nike for Rs 4497,Shopping
Purchased shoes worth Rs Nike from 4613,Shopping
Ordered shoes online from Nike Rs 3881,Shopping
Ordered watch online from Titan Rs 2978,Shopping
Purchased jacket worth Rs Myntra from 1988,Shopping
Purchased shoes worth Rs Nike from 4635,Shopping
Purchased watch worth Rs Titan from 1873,Shopping
Bought jacket from Myntra for Rs 3292,Shopping
Bought jeans from Levis for Rs 3053,Shopping
Purchased shoes worth Rs Nike from 2361,Shopping
Bought bag from Amazon for Rs 2614,Shopping
Ordered jeans online from Levis Rs 2134,Shopping
Shopping at Zudio,Shopping
Bought a kurthi from Zudio,Shopping
Ordered watch online from Titan Rs 1751,Shopping
Purchased watch worth Rs Titan from 4852,Shopping
Bought shoes from Nike for Rs 4833,Shopping
Ordered jacket online from Myntra Rs 2033,Shopping
Ordered shoes online from Nike Rs 408,Shopping
Bought jeans from Levis for Rs 1144,Shopping
Ordered bag online from Amazon Rs 1029,Shopping
Bought bag from Amazon for Rs 1552,Shopping
Purchased jacket worth Rs Myntra from 3808,Shopping
Purchased watch worth Rs Titan from 255,Shopping
Bought bag from Amazon for Rs 3094,Shopping
Ordered jeans online from Levis Rs 4040,Shopping
Ordered watch online from Titan Rs 1319,Shopping
Purchased jacket worth Rs Myntra from 1926,Shopping
Bought jacket from Myntra for Rs 996,Shopping
Purchased shoes worth Rs Nike from 2699,Shopping
Ordered bag online from Amazon Rs 4192,Shopping
Bought jeans from Levis for Rs 2707,Shopping
Purchased watch worth Rs Titan from 2544,Shopping
Bought watch from Titan for Rs 2471,Shopping
Purchased watch worth Rs Titan from 360,Shopping
Ordered bag online from Amazon Rs 302,Shopping
Ordered jeans online from Levis Rs 2735,Shopping
Purchased jacket worth Rs Myntra from 4153,Shopping
Bought watch from Titan for Rs 252,Shopping
Bought jeans from Levis for Rs 1037,Shopping
Ordered jacket online from Myntra Rs 1770,Shopping
Bought jacket from Myntra for Rs 3280,Shopping
Bought watch from Titan for Rs 3392,Shopping
Ordered bag online from Amazon Rs 2156,Shopping
Bought jeans from Levis for Rs 3150,Shopping
Ordered bag online from Amazon Rs 4583,Shopping
Bought bag from Amazon for Rs 1246,Shopping
Ordered watch online from Titan Rs 3077,Shopping
Bought shoes from Nike for Rs 3226,Shopping
Ordered shoes online from Nike Rs 3226,Shopping
Ordered jacket online from Myntra Rs 3668,Shopping
Ordered shoes online from Nike Rs 4445,Shopping
Ordered bag online from Amazon Rs 2288,Shopping
Ordered jeans online from Levis Rs 4443,Shopping
Purchased bag worth Rs Amazon from 3593,Shopping
Purchased shoes worth Rs Nike from 1205,Shopping
Ordered jacket online from Myntra Rs 1103,Shopping
Ordered shoes online from Nike Rs 804,Shopping
Purchased shoes worth Rs Nike from 1271,Shopping
Purchased bag worth Rs Amazon from 4271,Shopping
Purchased shoes worth Rs Nike from 920,Shopping
Ordered jacket online from Myntra Rs 3314,Shopping
Bought shoes from Nike for Rs 379,Shopping
Purchased jeans worth Rs Levis from 2609,Shopping
Bought shoes from Nike for Rs 3075,Shopping
Ordered watch online from Titan Rs 873,Shopping
Ordered watch online from Titan Rs 3347,Shopping
Ordered bag online from Amazon Rs 2527,Shopping
Bought shoes from Nike for Rs 563,Shopping
Ordered jeans online from Levis Rs 4261,Shopping
Bought jacket from Myntra for Rs 1693,Shopping
Ordered jeans online from Levis Rs 1014,Shopping
Ordered shoes online from Nike Rs 4722,Shopping
Bought jeans from Levis for Rs 3708,Shopping
Ordered shoes online from Nike Rs 4784,Shopping
Bought jacket from Myntra for Rs 1681,Shopping
Bought jacket from Myntra for Rs 1631,Shopping
Ordered bag online from Amazon Rs 875,Shopping
Bought jacket from Myntra for Rs 2479,Shopping
Bought shoes from Nike for Rs 1920,Shopping
Purchased shoes worth Rs Nike from 3793,Shopping
Bought jeans from Levis for Rs 2902,Shopping
Bought jeans from Levis for Rs 4774,Shopping
Purchased bag worth Rs Amazon from 3313,Shopping
Ordered jacket online from Myntra Rs 2093,Shopping
Ordered shoes online from Nike Rs 1411,Shopping
Bought watch from Titan for Rs 2415,Shopping
Bought jeans from Levis for Rs 3731,Shopping
Ordered bag online from Amazon Rs 3990,Shopping
Ordered jacket online from Myntra Rs 1098,Shopping
Purchased shoes worth Rs Nike from 3056,Shopping
Purchased watch worth Rs Titan from 1107,Shopping
Bought jacket from Myntra for Rs 2939,Shopping
Purchased jeans worth Rs Levis from 3829,Shopping
Bought shoes from Nike for Rs 3433,Shopping
Bought watch from Titan for Rs 259,Shopping
Ordered shoes online from Nike Rs 347,Shopping
Bought watch from Titan for Rs 3620,Shopping
Bought bag from Amazon for Rs 2870,Shopping
Ordered bag online from Amazon Rs 3040,Shopping
Ordered jeans online from Levis Rs 3630,Shopping
Ordered jeans online from Levis Rs 4444,Shopping
Purchased jeans worth Rs Levis from 117,Shopping
Purchased shoes worth Rs Nike from 426,Shopping
Purchased shoes worth Rs Nike from 3667,Shopping
Bought shoes from Nike for Rs 1400,Shopping
Ordered jeans online from Levis Rs 499,Shopping
Bought shoes from Nike for Rs 3241,Shopping
Ordered bag online from Amazon Rs 1512,Shopping
Ordered jacket online from Myntra Rs 4216,Shopping
Ordered shoes online from Nike Rs 4221,Shopping
Ordered shoes online from Nike Rs 2721,Shopping
Ordered watch online from Titan Rs 2034,Shopping
Ordered jacket online from Myntra Rs 4115,Shopping
Ordered shoes online from Nike Rs 312,Shopping
Ordered jacket online from Myntra Rs 467,Shopping
Bought jacket from Myntra for Rs 341,Shopping
Purchased jeans worth Rs Levis from 125,Shopping
Purchased jeans worth Rs Levis from 4276,Shopping
Purchased shoes worth Rs Nike from 3305,Shopping
Rs mobile debited for 1135 payment,Utilities
Settled mobile charges of Rs 1266,Utilities
Rs electricity debited for 2954 payment,Utilities
Settled mobile charges of Rs 2337,Utilities
Rs water debited for 1565 payment,Utilities
Settled electricity charges of Rs 1867,Utilities
Rs internet debited for 1463 payment,Utilities
Settled internet charges of Rs 578,Utilities
Settled mobile charges of Rs 684,Utilities
Rs mobile debited for 2212 payment,Utilities
Paid Rs electricity for 2571 bill,Utilities
Settled gas charges of Rs 1714,Utilities
Paid Rs mobile for 1986 bill,Utilities
Rs internet debited for 1456 payment,Utilities
Rs electricity debited for 1973 payment,Utilities
Paid Rs mobile for 2677 bill,Utilities
Rs gas debited for 2234 payment,Utilities
Settled electricity charges of Rs 1913,Utilities
Settled water charges of Rs 305,Utilities
Settled internet charges of Rs 489,Utilities
Paid Rs water for 429 bill,Utilities
Rs water debited for 2543 payment,Utilities
Rs internet debited for 298 payment,Utilities
Paid Rs internet for 2145 bill,Utilities
Rs water debited for 2182 payment,Utilities
Paid Rs internet for 2741 bill,Utilities
Rs gas debited for 2615 payment,Utilities
Settled internet charges of Rs 1138,Utilities
Paid Rs mobile for 116 bill,Utilities
Paid Rs internet for 366 bill,Utilities
Rs water debited for 1736 payment,Utilities
Rs electricity debited for 1837 payment,Utilities
Settled electricity charges of Rs 783,Utilities
Paid Rs gas for 709 bill,Utilities
Rs internet debited for 2803 payment,Utilities
Paid Rs gas for 907 bill,Utilities
Rs electricity debited for 1599 payment,Utilities
Rs mobile debited for 2925 payment,Utilities
Paid Rs internet for 1439 bill,Utilities
Rs mobile debited for 1025 payment,Utilities
Paid Rs water for 2328 bill,Utilities
Settled electricity charges of Rs 2742,Utilities
Settled internet charges of Rs 2398,Utilities
Settled electricity charges of Rs 2997,Utilities
Settled water charges of Rs 232,Utilities
Rs water debited for 1455 payment,Utilities
Paid Rs gas for 752 bill,Utilities
Rs gas debited for 2426 payment,Utilities
Paid Rs water for 2637 bill,Utilities
Rs internet debited for 118 payment,Utilities
Rs mobile debited for 429 payment,Utilities
Settled water charges of Rs 1002,Utilities
Rs internet debited for 342 payment,Utilities
Settled mobile charges of Rs 1669,Utilities
Settled internet charges of Rs 178,Utilities
Settled gas charges of Rs 602,Utilities
Rs electricity debited for 683 payment,Utilities
Rs water debited for 190 payment,Utilities
Rs water debited for 1794 payment,Utilities
Paid Rs internet for 2739 bill,Utilities
Paid Rs gas for 1733 bill,Utilities
Rs gas debited for 1378 payment,Utilities
Rs gas debited for 448 payment,Utilities
Settled gas charges of Rs 1706,Utilities
Rs internet debited for 1088 payment,Utilities
Rs water debited for 1272 payment,Utilities
Settled mobile charges of Rs 609,Utilities
Paid Rs electricity for 2975 bill,Utilities
Paid Rs mobile for 1432 bill,Utilities
Paid Rs electricity for 2341 bill,Utilities
Paid Rs mobile for 2643 bill,Utilities
Rs electricity debited for 2285 payment,Utilities
Rs electricity debited for 2622 payment,Utilities
Settled internet charges of Rs 2342,Utilities
Rs internet debited for 775 payment,Utilities
Rs mobile debited for 2041 payment,Utilities
Paid Rs water for 345 bill,Utilities
Paid Rs internet for 546 bill,Utilities
Rs internet debited for 1830 payment,Utilities
Rs gas debited for 115 payment,Utilities
Settled internet charges of Rs 1919,Utilities
Paid Rs mobile for 1526 bill,Utilities
Paid Rs electricity for 2828 bill,Utilities
Paid Rs internet for 535 bill,Utilities
Paid Rs internet for 2929 bill,Utilities
Settled gas charges of Rs 1801,Utilities
Settled mobile charges of Rs 1831,Utilities
Rs gas debited for 2845 payment,Utilities
Settled mobile charges of Rs 1746,Utilities
Paid Rs mobile for 1974 bill,Utilities
Settled gas charges of Rs 1999,Utilities
Rs gas debited for 1411 payment,Utilities
Settled electricity charges of Rs 220,Utilities
Paid Rs mobile for 1192 bill,Utilities
Settled internet charges of Rs 2781,Utilities
Paid Rs internet for 2567 bill,Utilities
Rs gas debited for 238 payment,Utilities
Paid Rs water for 1639 bill,Utilities
Rs water debited for 2948 payment,Utilities
Paid Rs internet for 1960 bill,Utilities
Paid Rs gas for 533 bill,Utilities
Settled mobile charges of Rs 338,Utilities
Rs gas debited for 1980 payment,Utilities
Rs internet debited for 1255 payment,Utilities
Paid Rs gas for 1447 bill,Utilities
Paid Rs mobile for 2613 bill,Utilities
Rs electricity debited for 1835 payment,Utilities
Settled gas charges of Rs 2147,Utilities
Paid Rs mobile for 361 bill,Utilities
Rs gas debited for 191 payment,Utilities
Settled gas charges of Rs 1726,Utilities
Settled water charges of Rs 147,Utilities
Settled water charges of Rs 1740,Utilities
Paid Rs gas for 1685 bill,Utilities
Settled electricity charges of Rs 2075,Utilities
Settled internet charges of Rs 2767,Utilities
Rs internet debited for 502 payment,Utilities
Paid Rs mobile for 766 bill,Utilities
Paid Rs internet for 924 bill,Utilities
Settled mobile charges of Rs 2491,Utilities
Paid Rs water for 2590 bill,Utilities
Paid Rs gas for 984 bill,Utilities
Settled internet charges of Rs 1067,Utilities
Rs mobile debited for 723 payment,Utilities
Paid Rs mobile for 2821 bill,Utilities
Paid Rs internet for 1767 bill,Utilities
Paid Rs internet for 2011 bill,Utilities
Rs mobile debited for 319 payment,Utilities
Paid Rs electricity for 2101 bill,Utilities
Settled internet charges of Rs 502,Utilities
Settled gas charges of Rs 287,Utilities
Paid Rs mobile for 2641 bill,Utilities
Settled internet charges of Rs 812,Utilities
Rs mobile debited for 2797 payment,Utilities
Paid Rs water for 849 bill,Utilities
Settled internet charges of Rs 1327,Utilities
Paid Rs water for 2136 bill,Utilities
Settled water charges of Rs 2485,Utilities
Paid Rs gas for 1180 bill,Utilities
Rs internet debited for 1761 payment,Utilities
Rs electricity debited for 2485 payment,Utilities
Settled internet charges of Rs 1759,Utilities
Paid Rs water for 1559 bill,Utilities
Settled gas charges of Rs 2123,Utilities
Paid Rs electricity for 2580 bill,Utilities
Rs electricity debited for 2350 payment,Utilities
Settled gas charges of Rs 1233,Utilities
Rs electricity debited for 2274 payment,Utilities
Settled internet charges of Rs 333,Utilities
Paid Rs electricity for 170 bill,Utilities
Paid Rs Cloud Computing for 2624 course,Education
Course fee Rs Data Science for 1764 training,Education
Course fee Rs Excel for 183 training,Education
Enrolled in Python at Rs 2111,Education
Enrolled in Cloud Computing at Rs 1537,Education
Enrolled in Data Science at Rs 1009,Education
Enrolled in Machine Learning at Rs 2958,Education
Enrolled in Cloud Computing at Rs 2692,Education
Course fee Rs Data Science for 894 training,Education
Paid Rs Data Science for 373 course,Education
Enrolled in Machine Learning at Rs 657,Education
Course fee Rs Excel for 1615 training,Education
Course fee Rs Excel for 2286 training,Education
Enrolled in Cloud Computing at Rs 1131,Education
Paid Rs Python for 2278 course,Education
Enrolled in Data Science at Rs 1647,Education
Enrolled in Cloud Computing at Rs 704,Education
Course fee Rs Cloud Computing for 708 training,Education
Enrolled in Python at Rs 934,Education
Course fee Rs Python for 2705 training,Education
Enrolled in Machine Learning at Rs 2497,Education
Enrolled in Machine Learning at Rs 1858,Education
Enrolled in Data Science at Rs 1245,Education
Enrolled in Python at Rs 2807,Education
Enrolled in Data Science at Rs 1995,Education
Paid Rs Cloud Computing for 662 course,Education
Course fee Rs Excel for 173 training,Education
Paid Rs Machine Learning for 963 course,Education
Course fee Rs Data Science for 1510 training,Education
Course fee Rs Excel for 173 training,Education
Enrolled in Python at Rs 1688,Education
Course fee Rs Cloud Computing for 877 training,Education
Enrolled in Excel at Rs 1203,Education
Paid Rs Data Science for 166 course,Education
Course fee Rs Data Science for 569 training,Education
Enrolled in Python at Rs 2653,Education
Paid Rs Excel for 1183 course,Education
Course fee Rs Machine Learning for 2649 training,Education
Paid Rs Data Science for 471 course,Education
Enrolled in Excel at Rs 1474,Education
Paid Rs Python for 488 course,Education
Course fee Rs Data Science for 2293 training,Education
Paid Rs Machine Learning for 1135 course,Education
Paid Rs Python for 1562 course,Education
Paid Rs Cloud Computing for 650 course,Education
Enrolled in Excel at Rs 2445,Education
Enrolled in Cloud Computing at Rs 869,Education
Enrolled in Data Science at Rs 1309,Education
Paid Rs Cloud Computing for 1216 course,Education
Course fee Rs Machine Learning for 2181 training,Education
Course fee Rs Machine Learning for 2156 training,Education
Enrolled in Data Science at Rs 651,Education
Course fee Rs Machine Learning for 2203 training,Education
Course fee Rs Excel for 470 training,Education
Enrolled in Python at Rs 245,Education
Enrolled in Python at Rs 2506,Education
Enrolled in Data Science at Rs 714,Education
Course fee Rs Excel for 896 training,Education
Enrolled in Cloud Computing at Rs 493,Education
Course fee Rs Excel for 1968 training,Education
Course fee Rs Machine Learning for 2783 training,Education
Paid Rs Data Science for 2562 course,Education
Course fee Rs Cloud Computing for 1307 training,Education
Paid Rs Data Science for 2217 course,Education
Enrolled in Cloud Computing at Rs 1456,Education
Course fee Rs Cloud Computing for 368 training,Education
Paid Rs Cloud Computing for 2892 course,Education
Paid Rs Python for 2909 course,Education
Paid Rs Python for 2656 course,Education
Paid Rs Cloud Computing for 198 course,Education
Enrolled in Excel at Rs 2394,Education
Paid Rs Data Science for 1796 course,Education
Course fee Rs Data Science for 2711 training,Education
Paid Rs Excel for 193 course,Education
Paid Rs Excel for 931 course,Education
Enrolled in Data Science at Rs 2492,Education
Enrolled in Cloud Computing at Rs 2770,Education
Enrolled in Machine Learning at Rs 2112,Education
Enrolled in Python at Rs 2184,Education
Paid Rs Machine Learning for 813 course,Education
Course fee Rs Excel for 2281 training,Education
Course fee Rs Python for 2176 training,Education
Paid Rs Cloud Computing for 813 course,Education
Paid Rs Machine Learning for 683 course,Education
Enrolled in Data Science at Rs 1416,Education
Enrolled in Cloud Computing at Rs 2478,Education
Paid Rs Excel for 681 course,Education
Paid Rs Machine Learning for 1892 course,Education
Paid Rs Python for 2595 course,Education
Enrolled in Cloud Computing at Rs 2936,Education
Paid Rs Machine Learning for 2763 course,Education
Course fee Rs Machine Learning for 1546 training,Education
Paid Rs Python for 2635 course,Education
Course fee Rs Machine Learning for 2075 training,Education
Enrolled in Python at Rs 2363,Education
Paid Rs Python for 2056 course,Education
Paid Rs Python for 2545 course,Education
Enrolled in Excel at Rs 536,Education
Paid Rs Data Science for 1497 course,Education
Course fee Rs Excel for 994 training,Education
Course fee Rs Excel for 1357 training,Education
Course fee Rs Data Science for 168 training,Education
Enrolled in Cloud Computing at Rs 2303,Education
Enrolled in Cloud Computing at Rs 2120,Education
Course fee Rs Data Science for 2374 training,Education
Course fee Rs Python for 579 training,Education
Enrolled in Machine Learning at Rs 1365,Education
Course fee Rs Cloud Computing for 827 training,Education
Paid Rs Machine Learning for 2428 course,Education
Enrolled in Excel at Rs 2724,Education
Enrolled in Python at Rs 583,Education
Enrolled in Python at Rs 2831,Education
Enrolled in Excel at Rs 1295,Education
Paid Rs Cloud Computing for 1854 course,Education
Enrolled in Data Science at Rs 1285,Education
Enrolled in Cloud Computing at Rs 964,Education
Paid Rs Excel for 147 course,Education
Paid Rs Data Science for 442 course,Education
Enrolled in Data Science at Rs 1926,Education
Enrolled in Cloud Computing at Rs 2034,Education
Enrolled in Data Science at Rs 1565,Education
Enrolled in Python at Rs 2258,Education
Paid Rs Python for 2958 course,Education
Course fee Rs Data Science for 1202 training,Education
Enrolled in Cloud Computing at Rs 900,Education
Enrolled in Cloud Computing at Rs 408,Education
Course fee Rs Data Science for 211 training,Education
Paid Rs Cloud Computing for 2440 course,Education
Paid Rs Machine Learning for 2266 course,Education
Enrolled in Data Science at Rs 864,Education
Enrolled in Machine Learning at Rs 1565,Education
Course fee Rs Data Science for 169 training,Education
Enrolled in Python at Rs 1775,Education
Enrolled in Machine Learning at Rs 336,Education
Enrolled in Excel at Rs 577,Education
Paid Rs Cloud Computing for 2839 course,Education
Enrolled in Python at Rs 2994,Education
Course fee Rs Data Science for 1645 training,Education
Enrolled in Cloud Computing at Rs 1630,Education
Paid Rs Python for 297 course,Education
Course fee Rs Python for 2684 training,Education
Enrolled in Python at Rs 2817,Education
Enrolled in Cloud Computing at Rs 758,Education
Enrolled in Python at Rs 2735,Education
Course fee Rs Excel for 660 training,Education
Course fee Rs Machine Learning for 2293 training,Education
Paid Rs Machine Learning for 2532 course,Education
Course fee Rs Cloud Computing for 1404 training,Education
Enrolled in Cloud Computing at Rs 2599,Education
Course fee Rs Cloud Computing for 381 training,Education
Mobile recharge of Rs VI via 1726,Recharge
Rs VI spent on 596 top-up,Recharge
Mobile recharge of Rs BSNL via 343,Recharge
Recharged Jio for Rs 2547,Recharge
Recharged Jio for Rs 2612,Recharge
Recharged VI for Rs 2135,Recharge
Rs Jio spent on 1658 top-up,Recharge
Recharged VI for Rs 2931,Recharge
Rs BSNL spent on 1682 top-up,Recharge
Recharged Vodafone for Rs 2345,Recharge
Mobile recharge of Rs VI via 468,Recharge
Rs VI spent on 352 top-up,Recharge
Recharged Vodafone for Rs 346,Recharge
Recharged VI for Rs 2233,Recharge
Mobile recharge of Rs BSNL via 1240,Recharge
Rs VI spent on 1064 top-up,Recharge
Recharged Vodafone for Rs 739,Recharge
Mobile recharge of Rs Jio via 1640,Recharge
Recharged Airtel for Rs 1251,Recharge
Rs VI spent on 2770 top-up,Recharge
Rs Jio spent on 1575 top-up,Recharge
Mobile recharge of Rs Vodafone via 510,Recharge
Rs BSNL spent on 666 top-up,Recharge
Rs Vodafone spent on 1461 top-up,Recharge
Rs Airtel spent on 1287 top-up,Recharge
Rs Airtel spent on 1810 top-up,Recharge
Rs VI spent on 104 top-up,Recharge
Recharged BSNL for Rs 458,Recharge
Mobile recharge of Rs Vodafone via 1780,Recharge
Rs Airtel spent on 2664 top-up,Recharge
Recharged VI for Rs 563,Recharge
Mobile recharge of Rs Vodafone via 1573,Recharge
Rs Vodafone spent on 2749 top-up,Recharge
Mobile recharge of Rs Vodafone via 1901,Recharge
Recharged VI for Rs 1639,Recharge
Recharged Vodafone for Rs 2333,Recharge
Recharged BSNL for Rs 1568,Recharge
Rs Vodafone spent on 2331 top-up,Recharge
Recharged BSNL for Rs 1792,Recharge
Recharged Airtel for Rs 2754,Recharge
Mobile recharge of Rs Airtel via 2116,Recharge
Mobile recharge of Rs Airtel via 517,Recharge
Rs Jio spent on 2131 top-up,Recharge
Rs Vodafone spent on 245 top-up,Recharge
Rs VI spent on 1766 top-up,Recharge
Recharged Vodafone for Rs 471,Recharge
Rs BSNL spent on 943 top-up,Recharge
Rs BSNL spent on 173 top-up,Recharge
Mobile recharge of Rs VI via 1393,Recharge
Rs BSNL spent on 2596 top-up,Recharge
Mobile recharge of Rs Vodafone via 1875,Recharge
Mobile recharge of Rs BSNL via 1942,Recharge
Recharged Airtel for Rs 2118,Recharge
Recharged Airtel for Rs 2673,Recharge
Recharged Vodafone for Rs 2881,Recharge
Mobile recharge of Rs Airtel via 1781,Recharge
Recharged Jio for Rs 568,Recharge
Mobile recharge of Rs Airtel via 2804,Recharge
Recharged VI for Rs 2486,Recharge
Rs Jio spent on 1625 top-up,Recharge
Mobile recharge of Rs Jio via 942,Recharge
Mobile recharge of Rs Jio via 2900,Recharge
Rs VI spent on 1498 top-up,Recharge
Rs Jio spent on 1928 top-up,Recharge
Rs VI spent on 2293 top-up,Recharge
Mobile recharge of Rs BSNL via 2883,Recharge
Mobile recharge of Rs Airtel via 2344,Recharge
Rs BSNL spent on 615 top-up,Recharge
Mobile recharge of Rs Airtel via 2430,Recharge
Recharged Jio for Rs 2785,Recharge
Rs VI spent on 1797 top-up,Recharge
Recharged BSNL for Rs 1003,Recharge
Mobile recharge of Rs VI via 2593,Recharge
Mobile recharge of Rs Jio via 2401,Recharge
Recharged Vodafone for Rs 346,Recharge
Recharged Jio for Rs 850,Recharge
Mobile recharge of Rs BSNL via 1061,Recharge
Recharged VI for Rs 1630,Recharge
Recharged VI for Rs 1858,Recharge
Recharged Airtel for Rs 1643,Recharge
Rs BSNL spent on 1901 top-up,Recharge
Rs Airtel spent on 1885 top-up,Recharge
Mobile recharge of Rs Jio via 2828,Recharge
Rs Jio spent on 2240 top-up,Recharge
Mobile recharge of Rs Airtel via 1043,Recharge
Mobile recharge of Rs Vodafone via 1229,Recharge
Rs VI spent on 1673 top-up,Recharge
Mobile recharge of Rs Jio via 1830,Recharge
Mobile recharge of Rs Airtel via 666,Recharge
Rs VI spent on 2451 top-up,Recharge
Rs VI spent on 799 top-up,Recharge
Rs Airtel spent on 834 top-up,Recharge
Rs VI spent on 2092 top-up,Recharge
Rs VI spent on 2525 top-up,Recharge
Rs Vodafone spent on 116 top-up,Recharge
Mobile recharge of Rs Vodafone via 1923,Recharge
Mobile recharge of Rs Jio via 1874,Recharge
Mobile recharge of Rs Vodafone via 1657,Recharge
Mobile recharge of Rs Vodafone via 2415,Recharge
Mobile recharge of Rs BSNL via 1443,Recharge
Mobile recharge of Rs VI via 2821,Recharge
Mobile recharge of Rs Jio via 1899,Recharge
Rs VI spent on 2681 top-up,Recharge
Mobile recharge of Rs Airtel via 2131,Recharge
Mobile recharge of Rs Airtel via 2357,Recharge
Mobile recharge of Rs VI via 685,Recharge
Mobile recharge of Rs Jio via 1481,Recharge
Recharged Vodafone for Rs 1142,Recharge
Rs Vodafone spent on 2153 top-up,Recharge
Rs BSNL spent on 2957 top-up,Recharge
Recharged Vodafone for Rs 330,Recharge
Rs Airtel spent on 1566 top-up,Recharge
Recharged BSNL for Rs 1124,Recharge
Recharged Airtel for Rs 359,Recharge
Mobile recharge of Rs Vodafone via 2850,Recharge
Mobile recharge of Rs Jio via 2879,Recharge
Recharged Jio for Rs 2542,Recharge
Rs Airtel spent on 657 top-up,Recharge
Rs VI spent on 497 top-up,Recharge
Rs BSNL spent on 1620 top-up,Recharge
Mobile recharge of Rs Jio via 1830,Recharge
Recharged BSNL for Rs 860,Recharge
Rs Jio spent on 722 top-up,Recharge
Rs Vodafone spent on 716 top-up,Recharge
Rs Vodafone spent on 2565 top-up,Recharge
Recharged Jio for Rs 1183,Recharge
Mobile recharge of Rs VI via 2641,Recharge
Mobile recharge of Rs VI via 2076,Recharge
Rs Vodafone spent on 2360 top-up,Recharge
Recharged Jio for Rs 1139,Recharge
Mobile recharge of Rs BSNL via 207,Recharge
Recharged Vodafone for Rs 1510,Recharge
Recharged BSNL for Rs 1574,Recharge
Mobile recharge of Rs Vodafone via 2731,Recharge
Rs Airtel spent on 2775 top-up,Recharge
Rs Jio spent on 2937 top-up,Recharge
Recharged VI for Rs 310,Recharge
Mobile recharge of Rs Jio via 301,Recharge
Recharged Jio for Rs 1531,Recharge
Mobile recharge of Rs Jio via 220,Recharge
Mobile recharge of Rs BSNL via 445,Recharge
Rs VI spent on 906 top-up,Recharge
Mobile recharge of Rs Jio via 2633,Recharge
Mobile recharge of Rs Jio via 1938,Recharge
Recharged BSNL for Rs 104,Recharge
Rs Vodafone spent on 178 top-up,Recharge
Recharged Airtel for Rs 1837,Recharge
Recharged Airtel for Rs 2245,Recharge
Recharged Vodafone for Rs 518,Recharge
Recharged Airtel for Rs 2666,Recharge
hello,Unknown
hi,Unknown
asdfghjkl,Unknown
just checking,Unknown
book a ticket,Unknown
weather is nice,Unknown
who are you,Unknown
lol,Unknown
,Unknown
what is happening,Unknown
send me link,Unknown
hello world,Unknown
amazing day,Unknown
good night,Unknown
,Unknown
where are you,Unknown
I love dogs,Unknown
omg hahah,Unknown
this is weird,Unknown
,Unknown
whatever,Unknown
brooooo,Unknown
random,Unknown
testing 123,Unknown
no idea,Unknown
whatt,Unknown
heyyyyy,Unknown
nothing to say,Unknown
blah blah blah,Unknown
totally unrelated,Unknown
yes,Unknown
no,Unknown
maybe,Unknown
not sure,Unknown
ok bye,Unknown
later,Unknown
ugh,Unknown
nice try,Unknown
fake text,Unknown
keyboard smash,Unknown
scrolling,Unknown
meme time,Unknown
twitter post,Unknown
reel time,Unknown
guess what,Unknown
gibberish here,Unknown
lmao,Unknown
rofl,Unknown
you there,Unknown
texting,Unknown
chat open,Unknown
IDK,Unknown
hmmmmm,Unknown
testing model,Unknown
shut down,Unknown
booting,Unknown
debugging now,Unknown
empty head,Unknown
quick brown fox,Unknown
jumped over,Unknown
lazy dog,Unknown
static noise,Unknown
white screen,Unknown
404 not found,Unknown
server error,Unknown
random test,Unknown
just chilling,Unknown
coding night,Unknown
wtf,Unknown
bruh,Unknown
super weird,Unknown
totally sus,Unknown
sus text,Unknown
among us,Unknown
emoji ,Unknown
xyzabc,Unknown
working now,Unknown
glitchy,Unknown
no clue,Unknown
why though,Unknown
cant tell,Unknown
lost here,Unknown
spaghetti,Unknown
dont know,Unknown
Im done,Unknown
maybe later,Unknown
pffft,Unknown
boooo,Unknown
ahhh,Unknown
mehhh,Unknown
hahaha,Unknown
shhhh,Unknown
sigh,Unknown
typing test,Unknown
do re mi,Unknown
la la la,Unknown
singing,Unknown
haiku,Unknown
nope nope,Unknown
yikes,Unknown
this again,Unknown
again?,Unknown
why me,Unknown
some test,Unknown
typing nonsense,Unknown
,Unknown
,Unknown
,Unknown
,Unknown
,Unknown
,Unknown
,Unknown
??!!??,Unknown
whatever this is,Unknown
murmur,Unknown
buzz buzz,Unknown
blip,Unknown
beep boop,Unknown
techy glitch,Unknown
weird stuff,Unknown
Im tired,Unknown
AI go brr,Unknown
is this real,Unknown
wtheck,Unknown
idk bro,Unknown
vibing,Unknown
radio static,Unknown
ehhh,Unknown
ok fine,Unknown
fine okay,Unknown
lololol,Unknown
random stuff,Unknown
ignore me,Unknown
not for model,Unknown
data trash,Unknown
noise data,Unknown
false input,Unknown
junk test,Unknown
bored,Unknown
okay okay,Unknown
seriously?,Unknown
nothing here,Unknown
blank thought,Unknown
oops,Unknown
no reason,Unknown
imagine that,Unknown
blah,Unknown
nani?,Unknown
wtf is this,Unknown
dont even,Unknown
dont care,Unknown
meh,Unknown
absolutely nothing,Unknown
meme,Unknown
funny stuff,Unknown
bingo,Unknown
try again,Unknown
